frame,res,X,Y
,[[ 0.0077452   0.17835082 -0.98358348]],663,526
,[[ 0.00627339  0.16624887 -0.98569972]],675,487
,[[ 0.02464024  0.18390259 -0.98236125]],634,529
,[[ 0.05846901  0.15676066 -0.98525905]],555,454
,[[ 0.07411033  0.19377318 -0.97799439]],520,554
,[[ 0.08237382  0.19342975 -0.97751529]],513,524
,[[ 0.0840215   0.22241587 -0.97054528]],516,591
,[[ 0.08362199  0.19429681 -0.97716034]],518,527
,[[ 0.0891132   0.16382498 -0.98230146]],495,484
,[[ 0.11616186  0.19202658 -0.97347579]],422,558
,[[ 0.13743964  0.18565768 -0.97218303]],364,545
,[[ 0.13519229  0.19137513 -0.97101733]],369,561
,[[ 0.12289694  0.20151131 -0.97143054]],401,584
,[[ 0.16357078  0.1835966  -0.96922308]],293,539
,[[ 0.11422647  0.1571024  -0.98093183]],425,462
,[[ 0.09549777  0.20472645 -0.97384729]],470,587
,[[ 0.04720154  0.20069108 -0.97834684]],598,570
,[[ 0.06982867  0.20757948 -0.97565171]],540,594
,[[ 0.09515843  0.1923984  -0.97585711]],482,538
,[[ 0.09372561  0.18358994 -0.97692437]],484,517
,[[ 0.1667602   0.19727388 -0.96576645]],289,566
,[[ 0.15510881  0.16973684 -0.97073071]],320,494
,[[ 0.14801176  0.15243779 -0.97593532]],338,448
,[[ 0.13801592  0.17299886 -0.97314009]],370,496
,[[ 0.10242239  0.17104624 -0.97954072]],474,486
,[[ 0.13192554  0.18470979 -0.9726474 ]],409,522
,[[ 0.11309113  0.17306414 -0.97777717]],466,490
,[[ 0.13621839  0.17264823 -0.97462429]],410,493
,[[ 0.11714216  0.17859816 -0.97544575]],460,510
,[[ 0.17518968  0.21576102 -0.95983309]],308,618
,[[ 0.17966932  0.14343266 -0.9709124 ]],300,434
,[[ 0.14690176  0.15889661 -0.97422926]],380,475
,[[ 0.15009786  0.19597439 -0.96800825]],367,565
,[[ 0.16544226  0.17888595 -0.96844484]],327,525
,[[ 0.17763172  0.16481606 -0.96862739]],295,488
,[[ 0.17888884  0.17635706 -0.96509137]],289,520
,[[ 0.139319    0.2068655  -0.96541588]],384,597
,[[ 0.13588558  0.20688967 -0.96804132]],393,598
,[[ 0.11535187  0.19808133 -0.9713792 ]],446,575
,[[ 0.11719234  0.19800222 -0.96909568]],446,569
,[[ 0.02392751  0.13108048 -0.9896827 ]],683,402
,[[ 0.09357297  0.17071003 -0.9795339 ]],514,501
,[[ 0.05146411  0.15983654 -0.98334032]],623,468
,[[ 0.04400711  0.1519377  -0.98702281]],643,452
,[[ 0.04151127  0.09982034 -0.99226939]],652,326
,[[ 0.01419596  0.10120815 -0.99257433]],720,323
,[[ 0.04707263  0.0991221  -0.99337348]],642,316
,[[ 0.06440507  0.10274135 -0.9915739 ]],600,327
