frame,res,X,Y
,[[ 0.10524447  0.11137874 -0.98288147]],413,393
,[[ 0.08001627  0.10315589 -0.99135866]],481,375
,[[ 0.04821724  0.07843739 -0.99574756]],565,304
,[[ 0.06700676  0.07834261 -0.99451972]],515,304
,[[ 0.06793235  0.12969374 -0.98756956]],513,440
,[[ 0.07040401  0.14436786 -0.98327667]],503,483
,[[ 0.08687785  0.13468012 -0.98361411]],462,453
,[[-0.00272112  0.11154492 -0.99268059]],698,393
,[[-0.00671059  0.0911371  -0.99521315]],709,339
,[[ 0.00995479  0.12477024 -0.99163979]],665,424
,[[ 0.06265584  0.15030977 -0.98544239]],527,497
,[[ 0.11993087  0.13207515 -0.9836911 ]],375,454
,[[ 0.08427625  0.11480466 -0.98922139]],471,405
,[[ 0.09503168  0.10588084 -0.98731466]],441,375
,[[ 0.0966804   0.14508695 -0.9818678 ]],436,484
,[[ 0.09577661  0.16539451 -0.97985428]],437,544
,[[ 0.09667564  0.14184441 -0.98168653]],436,473
,[[ 0.08954998  0.15864026 -0.98326501]],453,518
,[[ 0.13882706  0.16331015 -0.97607803]],322,537
,[[ 0.09563245  0.14578234 -0.98428304]],439,482
,[[ 0.04363035  0.11706187 -0.9917538 ]],576,403
,[[ 0.07522099  0.10936281 -0.99106845]],493,385
,[[ 0.07117797  0.11001522 -0.99104477]],504,389
,[[ 0.0594275   0.16468062 -0.98383283]],534,530
,[[ 0.0319051   0.19103226 -0.97989511]],607,603
,[[ 0.02184391  0.14776972 -0.98814019]],635,489
,[[ 0.06680359  0.12131282 -0.9896207 ]],517,415
,[[ 0.02531612  0.13358358 -0.99008161]],626,448
,[[ 0.00913747  0.15370862 -0.98799568]],668,504
,[[ 0.03510705  0.08088838 -0.99600294]],601,311
,[[ 0.06924136  0.09671407 -0.99281786]],511,349
,[[ 0.06639764  0.07037595 -0.99530176]],516,285
,[[ 0.02349341  0.09057664 -0.99541414]],628,338
,[[-0.00225358  0.12627474 -0.99112729]],694,430
,[[ 0.04749908  0.13072677 -0.98909828]],564,442
,[[ 0.06985982  0.11797104 -0.98930772]],504,412
,[[ 0.05358352  0.11555326 -0.98987737]],547,404
,[[ 0.05367093  0.14018465 -0.98669165]],546,469
,[[ 0.04931264  0.13497708 -0.9850529 ]],557,459
,[[ 0.10067507  0.09317616 -0.98541847]],422,349
,[[ 0.08895017  0.1572327  -0.97854009]],453,518
,[[ 0.0899763   0.18008132 -0.9754977 ]],449,583
,[[ 0.11925951  0.17885256 -0.97170983]],371,583
,[[ 0.10964287  0.14908617 -0.98222156]],399,497
,[[ 0.10193832  0.14472214 -0.98406794]],420,486
,[[ 0.09173728  0.13165458 -0.98686428]],449,450
,[[ 0.14188402  0.14676358 -0.97657932]],313,493
,[[ 0.07330085  0.16364869 -0.98277744]],496,535
