frame,res,X,Y
,[[ 0.0072414   0.1485223  -0.98733375]],676,482
,[[ 0.0096396   0.13445868 -0.98670851]],671,449
,[[ 2.81845633e-04  1.43246252e-01 -9.85200317e-01]],695,467
,[[-0.02493811  0.12073498 -0.9912165 ]],761,407
,[[ 0.03271203  0.11351092 -0.98758109]],610,396
,[[ 0.0318037   0.10061996 -0.98966202]],613,357
,[[ 0.06779726  0.1330373  -0.98549577]],517,445
,[[ 0.07216954  0.14249845 -0.98614998]],509,468
,[[ 0.01887547  0.13630049 -0.98992765]],645,452
,[[ 0.01801577  0.11716114 -0.99185978]],649,402
,[[-0.04557932  0.1001799  -0.99361759]],813,356
,[[-0.03199914  0.09778919 -0.99432414]],778,351
,[[-0.02628474  0.08840436 -0.99505117]],763,326
,[[-0.00684253  0.10758123 -0.99413475]],712,375
,[[-0.01706324  0.13645988 -0.99040489]],739,452
,[[-0.00676912  0.08938277 -0.99594687]],713,328
,[[-0.00599405  0.09949007 -0.99452795]],710,357
,[[-0.02063308  0.10522045 -0.99172115]],748,376
,[[-0.06041625  0.09789224 -0.99332916]],851,355
,[[-0.07941735  0.08843408 -0.99266265]],902,331
,[[ 0.06747804  0.08109773 -0.99315655]],519,310
,[[ 0.0286395   0.05271402 -0.99789398]],621,236
,[[ 0.00927408  0.05890643 -0.99770929]],669,252
,[[ 0.03993108  0.03222923 -0.99759899]],591,181
,[[ 0.06913413  0.08651885 -0.99186166]],515,325
,[[ 0.07509333  0.08071155 -0.99037134]],500,309
,[[ 0.04756276  0.07476922 -0.99541206]],572,290
,[[ 0.02869115  0.07972882 -0.99600909]],620,302
,[[ 0.00830615  0.1244631  -0.99135721]],675,419
,[[ 0.05064883  0.09696861 -0.9936038 ]],564,346
,[[ 0.06032145  0.10058603 -0.99054304]],536,355
,[[ 0.07701035  0.10186188 -0.98990862]],493,362
,[[ 0.05295522  0.14197799 -0.98652889]],554,470
,[[ 0.0505778   0.12420547 -0.98971338]],561,421
,[[ 0.00480091  0.09704907 -0.99343089]],682,347
,[[ 0.0156381   0.08162506 -0.99514851]],653,307
,[[ 0.06294782  0.09120394 -0.99341661]],528,335
,[[ 0.04151199  0.09855772 -0.99387561]],584,349
,[[ 0.08653671  0.11607017 -0.98887598]],465,397
,[[ 0.04098826  0.11764314 -0.99219436]],587,398
,[[ 0.07769302  0.13219912 -0.98769611]],488,443
,[[ 0.10122293  0.14923332 -0.98272769]],427,488
,[[ 0.13048549  0.15481063 -0.97792744]],347,507
,[[ 0.10354767  0.17008862 -0.97750199]],419,546
,[[ 0.0732697   0.17231189 -0.98026432]],500,553
,[[ 0.06881128  0.17950295 -0.97914051]],511,575
,[[ 0.06352418  0.16040014 -0.98276386]],528,521
,[[ 0.0618296   0.16511861 -0.98243318]],532,532
