frame,res,X,Y
,[[ 0.02827892  0.15752196 -0.98533786]],613,524
,[[ 0.05569199  0.16849765 -0.98115037]],539,555
,[[ 0.04832246  0.16420399 -0.98201057]],560,540
,[[ 0.06275112  0.16014158 -0.98232633]],522,528
,[[ 0.05115505  0.15552701 -0.98320791]],551,520
,[[ 0.07461656  0.11763466 -0.98791016]],488,425
,[[ 0.13200164  0.11143268 -0.98224528]],338,402
,[[ 0.09891647  0.13074738 -0.98369499]],427,448
,[[ 0.11366534  0.13192169 -0.97822235]],386,455
,[[ 0.11516402  0.14919288 -0.97397   ]],382,504
,[[ 0.08054739  0.07430879 -0.99034243]],477,299
,[[ 0.08990387  0.09953844 -0.99043399]],453,367
,[[ 0.10559362  0.09114854 -0.98858096]],414,344
,[[ 0.04433256  0.07517593 -0.99208134]],572,302
,[[ 0.00917697  0.09220974 -0.99394355]],666,346
,[[-0.01616424  0.10403536 -0.99263685]],730,380
,[[-0.00222601  0.1279037  -0.98948825]],693,447
,[[ 0.00821415  0.10596796 -0.99233465]],666,381
,[[ 0.00545304  0.10377312 -0.99442239]],672,378
,[[-4.34262075e-04  9.39805616e-02 -9.95102455e-01]],688,358
,[[ 0.01952298  0.07879266 -0.99586644]],637,312
,[[ 0.02428056  0.06047886 -0.99597808]],624,262
,[[ 0.01375702  0.07900595 -0.99601832]],652,315
,[[ 0.02629266  0.07751683 -0.99619078]],618,314
,[[ 0.02737554  0.09036105 -0.99428565]],616,339
,[[ 0.08664229  0.07521824 -0.99281766]],460,303
,[[ 0.1023371   0.07580864 -0.98943725]],419,308
,[[ 0.10832172  0.0771804  -0.98914849]],403,306
,[[ 0.09757432  0.08380481 -0.9894803 ]],434,318
,[[ 0.06571146  0.067363   -0.99515572]],516,280
,[[ 0.04287242  0.09496038 -0.99431857]],578,352
,[[ 0.03449689  0.0754464  -0.99416548]],598,299
,[[ 0.06087658  0.07202612 -0.99339603]],528,295
,[[ 0.0145918   0.16415518 -0.98613126]],649,544
,[[ 0.03450918  0.13893752 -0.98957015]],597,467
,[[ 0.07193547  0.15927309 -0.98351766]],499,524
,[[ 0.04594955  0.14224922 -0.98655585]],565,487
,[[ 0.01513781  0.12099476 -0.99189713]],649,424
,[[ 0.0019064   0.11362296 -0.99336203]],684,399
,[[ 0.0133835   0.15843444 -0.98708889]],653,524
,[[-0.03132964  0.15026742 -0.98519823]],770,501
,[[ 0.02493611  0.12501121 -0.99028112]],624,427
,[[ 0.01671087  0.12578487 -0.9888725 ]],645,431
,[[ 0.01721824  0.13067393 -0.99118615]],643,449
,[[ 0.02108942  0.1382813  -0.98991934]],632,467
,[[ 0.04286797  0.13396115 -0.98650406]],575,456
,[[ 0.05021288  0.12623729 -0.98864127]],556,437
,[[ 0.01874145  0.11595839 -0.9899688 ]],638,406
