frame,res,X,Y
,[[ 0.09504754  0.11447858 -0.9885171 ]],515,351
,[[ 0.06432337  0.16226002 -0.98176504]],591,430
,[[ 0.1019163   0.13777619 -0.98342115]],485,423
,[[ 0.09257633  0.14049296 -0.98450442]],507,433
,[[ 0.04984423  0.16091221 -0.98427076]],623,432
,[[ 0.01722113  0.15302554 -0.98786938]],691,409
,[[ 0.00835145  0.15069747 -0.98839214]],709,411
,[[ 0.03182843  0.13154924 -0.99034483]],660,369
,[[ 0.04375999  0.15998221 -0.98608434]],634,431
,[[ 0.10103295  0.15830011 -0.97840583]],519,419
,[[ 0.05907667  0.15086954 -0.98579463]],604,418
,[[ 0.09219334  0.15818351 -0.98239487]],544,406
,[[ 0.09110847  0.1684105  -0.97899965]],546,421
,[[ 0.0560606   0.15507334 -0.98624894]],612,412
,[[ 0.09428755  0.14212382 -0.98460348]],535,384
,[[ 0.06413659  0.1872457  -0.97990047]],602,457
,[[ 0.05037706  0.15204694 -0.98555003]],628,398
,[[ 0.07689911  0.12531243 -0.98370548]],567,359
,[[ 0.05791058  0.15104654 -0.98284048]],609,398
,[[ 0.03037663  0.16971246 -0.98067184]],665,437
,[[ 0.042385    0.19225833 -0.98004547]],642,485
,[[ 0.0298658   0.15427939 -0.98732654]],665,407
,[[ 0.03352447  0.17330881 -0.98376996]],661,441
,[[ 0.05236959  0.12937745 -0.99010662]],621,361
,[[ 0.02436573  0.13996519 -0.9898205 ]],679,376
,[[ 0.01617749  0.15261494 -0.98781835]],693,412
,[[-0.00537044  0.14909787 -0.9886814 ]],739,403
,[[ 0.05538079  0.20751379 -0.97629844]],615,514
,[[ 0.04616757  0.22672521 -0.97266377]],637,542
,[[ 0.03284731  0.18460124 -0.98129761]],665,461
,[[ 0.04940128  0.20862995 -0.97566648]],621,536
,[[ 0.05002669  0.21803883 -0.97323269]],621,547
,[[ 0.02716607  0.20042224 -0.97847864]],670,512
,[[ 0.03221044  0.16546357 -0.9854007 ]],664,415
,[[ 0.03512875  0.18620862 -0.98187378]],655,464
,[[ 0.03546134  0.17631129 -0.98361605]],656,430
,[[ 0.05583201  0.18671111 -0.98072794]],615,457
,[[ 0.02253412  0.18298689 -0.98177203]],681,465
,[[ 0.0714317   0.17529549 -0.98103133]],583,443
,[[ 0.10123001  0.17786029 -0.97383714]],508,480
,[[ 0.01352617  0.11548428 -0.98968089]],700,315
,[[ 0.04818618  0.13035385 -0.98966036]],628,354
,[[ 0.04333722  0.15588674 -0.98609969]],634,423
,[[ 0.0304279   0.21094358 -0.9744466 ]],664,530
,[[ 0.01967572  0.21715807 -0.9754229 ]],684,553
,[[ 0.00585826  0.20006706 -0.97713952]],712,502
,[[-0.00924459  0.18771277 -0.98037166]],743,498
,[[ 0.0146293   0.18626736 -0.98182657]],694,481
,[[ 0.01789174  0.17539279 -0.98348636]],687,448
