frame,res,X,Y
,[[ 0.01287452  0.14301215 -0.98945298]],694,420
,[[ 0.05802543  0.1064717  -0.99045035]],593,342
,[[ 0.06878098  0.12440436 -0.98883151]],575,364
,[[ 0.04302631  0.1260566  -0.98951081]],631,369
,[[ 0.07719988  0.10699836 -0.99015085]],558,330
,[[ 0.08552914  0.11136173 -0.98304963]],534,350
,[[ 0.02946982  0.12911255 -0.98936095]],662,366
,[[ 0.01814943  0.13229142 -0.98669017]],683,411
,[[ 0.04860454  0.13192092 -0.98585629]],614,413
,[[ 0.00944862  0.15400451 -0.97849906]],704,449
,[[ 0.06667201  0.18415863 -0.97802799]],581,491
,[[ 0.08464039  0.16316706 -0.98084095]],541,454
,[[ 0.03620359  0.16506644 -0.98419501]],646,454
,[[ 0.04405406  0.14527977 -0.98697775]],628,405
,[[ 0.06374533  0.14014045 -0.983629  ]],582,411
,[[ 0.04544924  0.17608481 -0.98174903]],621,490
,[[ 0.01780826  0.14091508 -0.9853588 ]],685,389
,[[ 0.01747569  0.11937638 -0.99137738]],686,342
,[[ 0.0753314   0.15739792 -0.97662979]],556,454
,[[ 0.0116096   0.12744927 -0.98851722]],697,373
,[[ 0.07380953  0.1876267  -0.97475771]],559,515
,[[ 0.07615208  0.19782811 -0.97380361]],550,549
,[[ 0.07607847  0.1974648  -0.97575201]],553,537
,[[ 0.06422288  0.21645467 -0.97375347]],577,590
,[[ 0.10882116  0.22148029 -0.96837269]],479,593
,[[ 0.12389199  0.16766864 -0.97387493]],445,476
,[[ 0.13284667  0.20127808 -0.96978002]],442,522
,[[ 0.13922905  0.18061899 -0.97171511]],407,507
,[[ 0.18513396  0.14334698 -0.97093873]],311,421
,[[ 0.13577802  0.11301617 -0.9772078 ]],423,353
,[[ 0.02982307  0.13629134 -0.98701487]],657,399
,[[ 0.00981964  0.12723904 -0.99180363]],699,388
,[[ 0.04247294  0.14874282 -0.9846492 ]],627,441
,[[ 0.07610438  0.17104395 -0.97771085]],552,484
,[[ 0.09256222  0.14130132 -0.98351649]],526,394
,[[ 0.03125037  0.14064351 -0.9882851 ]],652,416
,[[ 0.03340257  0.15839899 -0.98477088]],648,457
,[[ 0.06653504  0.16024128 -0.98300846]],574,461
,[[ 0.06264205  0.16769618 -0.98261056]],580,488
,[[ 0.04703532  0.14206696 -0.98663445]],614,439
,[[ 0.0041471   0.13278079 -0.98963361]],712,400
,[[-0.06409992  0.15035133 -0.98533398]],864,449
,[[-0.00993428  0.18452146 -0.9797669 ]],743,527
,[[-0.02513235  0.18184897 -0.98082857]],777,519
,[[ 0.00917066  0.17916661 -0.98253798]],702,532
,[[ 0.0150705   0.19272574 -0.97818111]],689,556
,[[-0.0311766   0.18220911 -0.98095071]],790,523
,[[-0.00926241  0.17626687 -0.98349156]],740,517
