frame,res,X,Y
1,[[-0.21619323  0.07931747]],809,454
2,[[-0.30895713 -0.02857434]],556,642
3,[[-0.24925987 -0.02393734]],580,497
4,[[-0.25517213 -0.02422635]],578,514
5,[[-0.1728708   0.00426502]],656,339
6,[[-0.21138619  0.01955625]],677,424
7,[[-0.230059  0.034897]],705,473
8,[[-0.19782218  0.01189477]],667,393
9,[[-0.17606454  0.01743816]],683,352
10,[[-0.1826347   0.03215154]],711,364
11,[[-0.26995918 -0.01187755]],604,545
12,[[-0.22833937 -0.00514966]],625,453
13,[[-0.26583683 -0.01402489]],594,533
14,[[-0.22921093 -0.01442331]],604,458
15,[[-0.21814738 -0.00760642]],621,441
16,[[-0.22298002  0.03098949]],707,447
17,[[-0.23693044  0.01677538]],669,483
18,[[-0.19976449 -0.00398475]],632,397
19,[[-0.20561981  0.01677893]],672,413
20,[[-0.19655764  0.0074429 ]],659,383
21,[[-0.23036154 -0.08914903]],447,451
22,[[-0.18783079 -0.10473458]],421,352
23,[[-0.24488369 -0.10233846]],412,484
24,[[-0.29390198 -0.03923808]],542,599
25,[[-0.24147165 -0.09289592]],434,471
26,[[-0.24179035 -0.13798645]],336,473
27,[[-0.25505313 -0.13659532]],330,495
28,[[-0.2476373  -0.15608706]],298,484
29,[[-0.24978386 -0.15527269]],297,487
30,[[-0.21886142 -0.08485118]],456,423
31,[[-0.26263154  0.06035992]],755,548
32,[[-0.15562667  0.049709  ]],758,313
33,[[-0.26298302  0.06919602]],780,556
34,[[-0.2628303  -0.00545793]],617,538
35,[[-0.30120525 -0.00107139]],616,628
36,[[-0.24896151  0.02357652]],684,512
37,[[-0.31674352  0.04106592]],710,671
38,[[-0.2853312  0.0156126]],661,598
39,[[-0.28956324  0.00550662]],640,603
40,[[-0.28187677 -0.00495779]],616,585
41,[[-0.30829978  0.01105305]],641,640
42,[[-0.26597977  0.00626165]],639,552
43,[[-0.27983534 -0.0199557 ]],577,570
44,[[-0.24012008 -0.02790416]],572,485
45,[[-0.21967408 -0.01871414]],592,438
46,[[-0.22944283 -0.00437063]],625,464
47,[[-0.2803728   0.01868147]],665,582
48,[[-0.2756395  -0.00111176]],622,571
