frame,res,X,Y
1,[[-0.35766327 -0.10832418]],369,738
2,[[-0.31691462 -0.04482155]],511,662
3,[[-0.28158376 -0.04872115]],521,574
4,[[-0.27455094 -0.0514183 ]],513,563
5,[[-0.278288   -0.05526502]],500,559
6,[[-0.25144076 -0.05101259]],516,497
7,[[-0.26041707 -0.03329757]],552,521
8,[[-0.24031708 -0.03947045]],541,473
9,[[-0.22939414 -0.0514499 ]],521,448
10,[[-0.26528785 -0.07833458]],456,524
11,[[-0.24827191 -0.08331663]],448,484
12,[[-0.21297732 -0.09276366]],435,408
13,[[-0.23549786 -0.14725867]],316,451
14,[[-0.2475269  -0.14787894]],305,478
15,[[-0.2125827 -0.1566298]],290,402
16,[[-0.20463899 -0.06677176]],490,400
17,[[-0.20247643 -0.04001209]],551,395
18,[[-0.23584914  0.02531845]],684,480
19,[[-0.18580164  0.05701404]],761,375
20,[[-0.21187712  0.0601959 ]],764,441
21,[[-0.17712432 -0.07737583]],478,333
22,[[-0.1996356  -0.02944722]],573,394
23,[[-0.209504   -0.04711849]],531,413
24,[[-0.21525928  0.04963969]],744,447
25,[[-0.18794689  0.03177887]],712,384
26,[[-0.23017144 -0.07700063]],466,457
27,[[-0.1990263  -0.07527671]],473,384
28,[[-0.2111865  -0.03121271]],570,421
29,[[-0.16787289 -0.01856119]],603,326
30,[[-0.20989166 -0.03645416]],556,414
31,[[-0.39784205 -0.02824026]],530,850
32,[[-0.36876267  0.04298282]],687,801
33,[[-0.3169876  -0.01314303]],583,658
34,[[-0.261333    0.02046631]],667,541
35,[[-0.22072181  0.00163278]],637,444
36,[[-0.27545094 -0.05006935]],509,564
37,[[-0.31939924 -0.06358268]],477,663
38,[[-0.25190508 -0.0676333 ]],487,498
39,[[-0.24704394 -0.05637976]],507,488
40,[[-0.20542514 -0.03237451]],569,409
41,[[-0.21685725  0.01594697]],671,440
42,[[-0.2510617  -0.04754989]],528,499
43,[[-0.2631144  -0.09427413]],425,521
44,[[-0.31796834 -0.1440346 ]],319,623
45,[[-0.30578923 -0.16524357]],271,598
46,[[-0.28372988 -0.33722103]],-108,536
47,[[-0.25319862 -0.39399013]],-262,484
48,[[-0.17146628 -0.291058  ]],-9,285
49,[[-0.16708794 -0.279586  ]],27,285
