frame,res,X,Y
1,[[-0.22336371  0.05202338]],751,500
2,[[-0.27139828 -0.00803258]],598,611
3,[[-0.27971765 -0.07519183]],441,610
4,[[-0.3090081  -0.08241718]],430,671
5,[[-0.3145637  -0.14847685]],269,691
6,[[-0.29736984 -0.2024978 ]],134,638
7,[[-0.24965447 -0.17885754]],204,519
8,[[-0.27581352 -0.20801426]],149,584
9,[[-0.31286559 -0.19583026]],168,682
10,[[-0.34487182 -0.19662687]],151,758
11,[[-0.28790852 -0.26445526]],-19,602
12,[[-0.21687442 -0.19002007]],186,439
13,[[-0.21995844 -0.1940468 ]],181,448
14,[[-0.18470961 -0.16742015]],244,365
15,[[-0.11630465  0.05773157]],791,253
16,[[-0.1536619  -0.01321706]],612,319
17,[[-0.22103405  0.05189193]],750,505
18,[[-0.17260925  0.00375054]],651,370
19,[[-0.22264193  0.03631281]],713,498
20,[[-0.2243164  -0.01769054]],588,487
21,[[-0.15547016  0.02471405]],703,334
22,[[-0.16021061 -0.022323  ]],592,339
23,[[-0.14272425  0.04477993]],753,306
24,[[-0.05090298  0.00481585]],683,83
25,[[-0.11799029  0.00225636]],661,240
26,[[-0.21397126 -0.16042887]],262,428
27,[[-0.16422307 -0.13608149]],325,321
28,[[-0.17597249 -0.15652984]],276,341
29,[[-0.14508863 -0.23177083]],97,260
30,[[-0.19091456 -0.26109636]],8,367
31,[[-0.19658056 -0.196015  ]],168,391
32,[[-0.16382629 -0.21348162]],138,304
33,[[-0.16820288 -0.13096222]],341,329
34,[[-0.17291716  0.05921605]],783,384
35,[[-0.1760036   0.05397569]],767,395
36,[[-0.17860052  0.01598824]],677,386
37,[[-0.18652749  0.00722529]],660,404
38,[[-0.20256412 -0.00090019]],633,436
39,[[-0.16949451  0.01428038]],676,363
40,[[-0.16900234 -0.02033419]],590,359
41,[[-0.13367432  0.01611842]],691,279
42,[[-0.09277372 -0.13964307]],335,150
43,[[-0.09105212 -0.1583747 ]],287,145
44,[[-0.1600289  -0.17602971]],236,305
45,[[-0.1166715  -0.25886944]],46,183
46,[[-0.07174648 -0.07078566]],501,112
47,[[-0.02535802 -0.08516338]],478,1
48,[[-0.02800641 -0.07701343]],495,10
