frame,res,X,Y
1,[[-0.33807814 -0.0634823 ]],448,749
2,[[-0.19891346 -0.06894208]],476,400
3,[[-0.16252731 -0.01707669]],606,332
4,[[-0.13540126 -0.06108439]],515,255
5,[[-0.13962974 -0.07809785]],474,263
6,[[-0.18568051 -0.16519201]],267,353
7,[[-0.130987   -0.09876908]],427,240
8,[[-0.16252337 -0.12761518]],357,306
9,[[-0.13365164 -0.16929439]],270,229
10,[[-0.17880684 -0.13416114]],340,340
11,[[-0.25808984 -0.20549537]],161,515
12,[[-0.27064264 -0.20105568]],166,548
13,[[-0.3040396  -0.26406872]],26,625
14,[[-0.3240923 -0.2639548]],20,677
15,[[-0.27082074 -0.26965508]],13,538
16,[[-0.22716132 -0.15335117]],291,445
17,[[-0.2152725  -0.06803508]],486,433
18,[[-0.16318685 -0.08915925]],444,309
19,[[-0.1727018  -0.09187248]],439,332
20,[[-0.23484597 -0.12442033]],352,468
21,[[-0.23235995 -0.216759  ]],149,439
22,[[-0.22452255 -0.1038038 ]],402,437
23,[[-0.16556123 -0.16282901]],278,295
24,[[-0.20996295 -0.22943336]],128,395
25,[[-0.08975485 -0.188198  ]],242,128
26,[[-0.08441304 -0.18648306]],250,119
27,[[-0.0990323  -0.18219276]],255,149
28,[[-0.12231708 -0.22282422]],165,193
29,[[-0.17367026 -0.12970953]],358,319
30,[[-0.15789352 -0.14035481]],341,277
31,[[-0.2773408  -0.15830797]],261,550
32,[[-0.30463246 -0.21091674]],144,599
33,[[-0.2610138  -0.13093619]],345,509
34,[[-0.2725196 -0.1804885]],235,530
35,[[-0.28076738 -0.10777123]],386,556
36,[[-0.2912485 -0.0813612]],435,584
37,[[-0.24492753 -0.03393203]],547,494
38,[[-0.2464563  -0.06347843]],486,496
39,[[-0.211      -0.06575195]],486,410
40,[[-0.22073296  0.05954659]],761,473
41,[[-0.25350878  0.23357062]],1137,598
42,[[-0.29801258  0.14135519]],894,616
43,[[-0.22409682  0.11358541]],861,463
44,[[-0.21047495  0.10561897]],843,427
45,[[-0.20200007  0.1374966 ]],916,418
46,[[-0.17450415  0.12332836]],893,351
47,[[-0.18458804  0.00358335]],647,337
48,[[-0.20569059 -0.0779887 ]],476,360
