frame,res,X,Y
1,[[-0.1816891  -0.09414511]],441,334
2,[[-0.1946183  -0.07471862]],474,369
3,[[-0.17678003 -0.09025452]],449,325
4,[[-0.18192662 -0.09163313]],445,337
5,[[-0.19598646 -0.12920119]],358,367
6,[[-0.1354567  -0.12624303]],368,238
7,[[-0.15687124 -0.10558109]],412,290
8,[[-0.11370655 -0.07586728]],481,212
9,[[-0.13980284 -0.01621053]],613,285
10,[[-0.15820113 -0.01378573]],618,333
11,[[-0.18778805 -0.06993077]],482,363
12,[[-0.1739713  -0.03115452]],569,364
13,[[-0.1472016   0.02160771]],698,317
14,[[-0.12547345 -0.11200906]],399,221
15,[[-0.13871408 -0.03343854]],574,267
16,[[-0.13189302 -0.0283646 ]],585,266
17,[[-0.13505617 -0.04456022]],546,269
18,[[-0.1490541  -0.04397923]],542,300
19,[[-0.10681848 -0.00026393]],657,212
20,[[-0.10091582  0.01732291]],703,203
21,[[-0.16398737 -0.05918486]],516,308
22,[[-0.15562424 -0.02058743]],600,322
23,[[-0.15104276 -0.00506429]],636,317
24,[[-0.14077011 -0.06782418]],503,255
25,[[-0.12515889  0.02620064]],716,267
26,[[-0.13920894 -0.091868  ]],447,246
27,[[-0.12333767 -0.0736376 ]],495,215
28,[[-0.18130597 -0.12074289]],375,328
29,[[-0.20650199 -0.0582113 ]],507,413
30,[[-0.14821859 -0.06757048]],489,278
31,[[-0.11789839 -0.08478923]],468,197
32,[[-0.13057825 -0.02971925]],583,247
33,[[-0.10487426  0.04903311]],772,220
34,[[-0.16118293 -0.04831662]],530,313
35,[[-0.12693904 -0.0559152 ]],520,237
36,[[-0.18847492 -0.04412498]],532,394
37,[[-0.20369036 -0.07027651]],468,425
38,[[-0.19822419 -0.02881533]],568,427
39,[[-0.23228115 -0.03565028]],551,506
40,[[-0.17558908  0.0564018 ]],773,399
41,[[-0.26295847 -0.0029196 ]],621,581
42,[[-0.20271625  0.04371287]],731,454
43,[[-0.23042154  0.0423519 ]],726,512
44,[[-0.18085976 -0.01097729]],613,390
45,[[-0.22710352  0.02317478]],682,504
46,[[-0.24109866  0.02272443]],678,538
47,[[-0.2422682   0.00744378]],641,541
48,[[-0.208651   0.0479567]],744,470
