frame,res,X,Y
1,[[-0.24431728 -0.04246232]],524,534
2,[[-0.24102311 -0.07807664]],449,523
3,[[-0.3013411  -0.15831947]],256,614
4,[[-0.25676206 -0.12062851]],351,527
5,[[-0.28398255 -0.00256361]],615,643
6,[[-0.23841928 -0.01464676]],594,528
7,[[-0.27354604 -0.0414512 ]],524,609
8,[[-0.22916703 -0.05621272]],495,501
9,[[-0.23338561 -0.09677467]],396,494
10,[[-0.30915207 -0.10627357]],372,623
11,[[-0.2070007   0.01677575]],672,461
12,[[-0.23223881  0.03780932]],717,525
13,[[-0.237189   -0.01939087]],580,524
14,[[-0.19379187 -0.01873081]],592,422
15,[[-0.2556426   0.02700255]],683,579
16,[[-0.24029416  0.01473606]],665,540
17,[[-0.20217262 -0.05550997]],500,427
18,[[-0.22279042 -0.02161997]],580,487
19,[[-0.23877597  0.028597  ]],693,536
20,[[-0.24102055 -0.01554238]],588,536
21,[[-0.20796058 -0.03303379]],551,452
22,[[-0.18242349 -0.0761973 ]],459,374
23,[[-0.18380052 -0.07424632]],468,379
24,[[-0.21524769 -0.09512185]],406,448
25,[[-0.31823593 -0.04569099]],500,714
26,[[-0.28435108 -0.02496525]],557,634
27,[[-0.26220345 -0.00279109]],613,593
28,[[-0.23930311 -0.03369924]],546,530
29,[[-0.22701901  0.09209462]],848,525
30,[[-0.1671017  -0.06228907]],499,331
31,[[-0.200967    0.07455364]],810,453
32,[[-0.18030743  0.08668095]],842,409
33,[[-0.13247323  0.08267854]],845,298
34,[[-0.12397707  0.10446042]],900,283
35,[[-0.12558942  0.11423883]],922,288
36,[[-0.11661525  0.11262142]],917,268
37,[[-0.17209762  0.00291005]],653,370
38,[[-0.19971095  0.03319928]],717,446
39,[[-0.15611358  0.05123281]],766,343
40,[[-0.13545339  0.0340019 ]],734,295
41,[[-0.14935414  0.05949644]],787,332
42,[[-0.12648973  0.03087134]],726,272
43,[[-0.15981019  0.0139551 ]],678,342
44,[[-0.16033915  0.0050968 ]],660,344
45,[[-0.16797906 -0.01472207]],608,362
46,[[-0.21489266 -0.09056131]],417,462
47,[[-0.12982708 -0.04548691]],545,260
48,[[-0.1154824   0.00710437]],669,239
