frame,res,X,Y
,[[ 0.03090175  0.16048645 -0.98333547]],571,402
,[[ 0.02371293  0.15357329 -0.98657666]],590,386
,[[ 0.04487605  0.12562535 -0.98673247]],538,319
,[[ 0.0682748   0.13190063 -0.98389419]],481,334
,[[ 0.04251987  0.17254871 -0.98147912]],545,431
,[[ 0.0626793   0.14682617 -0.98515398]],496,371
,[[ 0.07202034  0.16402656 -0.98338096]],473,414
,[[ 0.0476571   0.16803413 -0.98360814]],533,423
,[[ 0.02576986  0.18205546 -0.98241436]],588,460
,[[ 0.06084083  0.15911813 -0.98474696]],501,400
,[[ 0.08465503  0.17172774 -0.98130602]],442,431
,[[ 0.10028905  0.15232591 -0.98313894]],407,380
,[[ 0.07883919  0.18626707 -0.97857585]],457,471
,[[ 0.10114029  0.19202519 -0.97573539]],400,484
,[[ 0.09470604  0.1735121  -0.97982791]],418,431
,[[ 0.05083594  0.19731013 -0.97893528]],526,491
,[[ 0.06764631  0.20336661 -0.97666243]],483,509
,[[ 0.04453195  0.19115877 -0.98005455]],542,470
,[[ 0.04506202  0.209551   -0.97675025]],540,519
,[[ 0.04991466  0.24003247 -0.96879873]],528,607
,[[ 0.06226358  0.19001181 -0.97852334]],499,475
,[[ 0.06660318  0.17929272 -0.9807569 ]],487,445
,[[ 0.03294602  0.18365405 -0.9810893 ]],572,457
,[[ 0.03999722  0.17900558 -0.98294792]],554,448
,[[ 0.05131737  0.16627244 -0.98449089]],525,414
,[[ 0.05813805  0.14901634 -0.98517043]],510,369
,[[ 0.04496809  0.15145203 -0.98605592]],542,376
,[[ 0.04508373  0.18495701 -0.98106931]],542,459
,[[ 0.0648741   0.17627007 -0.98197728]],494,436
,[[ 0.08810728  0.19411365 -0.97658868]],433,487
,[[ 0.08558422  0.14541193 -0.98463416]],441,361
,[[ 0.09986603  0.15980221 -0.98180331]],408,392
,[[ 0.08170709  0.16535719 -0.98234531]],453,408
,[[ 0.0632727   0.1737776  -0.98188684]],496,437
,[[ 0.08049363  0.18134304 -0.97968012]],453,456
,[[ 0.0786613   0.19306776 -0.97780911]],459,481
,[[ 0.04837526  0.20418777 -0.97727275]],531,514
,[[ 0.04196398  0.19957064 -0.97776383]],547,499
,[[ 0.03564796  0.18893047 -0.97988382]],563,472
,[[ 0.06163111  0.17867902 -0.98027554]],496,449
,[[ 0.04894306  0.18470658 -0.97983634]],527,462
,[[ 0.03979763  0.17915902 -0.98108296]],549,445
,[[ 0.06665855  0.19283895 -0.97690928]],482,483
,[[ 0.01738494  0.19311861 -0.97994174]],604,482
,[[ 0.00271835  0.20067425 -0.97795678]],640,505
,[[ 0.03781466  0.17255954 -0.97772358]],552,445
,[[ 0.08628367  0.2239712  -0.97041548]],431,569
,[[ 0.01986254  0.23351861 -0.97201035]],597,593
,[[ 0.02573478  0.17792864 -0.98322014]],583,448
