frame,res,X,Y
1.0,,,
2.0,,,
3.0,,,
4.0,,,
5.0,,,
6.0,,,
7.0,,,
8.0,,,
9.0,,,
10.0,,,
11.0,,,
12.0,,,
13.0,,,
14.0,,,
15.0,,,
,[[-0.05632825  0.00834575 -0.99358417]],804.0,561.0
17.0,,,
,[[-0.08441316 -0.0102517  -0.9877026 ]],871.0,527.0
19.0,,,
20.0,,,
21.0,,,
22.0,,,
23.0,,,
24.0,,,
25.0,,,
26.0,,,
27.0,,,
28.0,,,
29.0,,,
30.0,,,
31.0,,,
32.0,,,
,[[ 0.00831849 -0.02394715 -0.98599538]],656.0,471.0
34.0,,,
,[[ 0.08621133 -0.04628189 -0.98941881]],477.0,430.0
,[[ 0.00645726 -0.04592868 -0.99758476]],660.0,434.0
37.0,,,
38.0,,,
39.0,,,
40.0,,,
41.0,,,
42.0,,,
43.0,,,
44.0,,,
45.0,,,
46.0,,,
47.0,,,
48.0,,,
49.0,,,
50.0,,,
51.0,,,
,[[-0.02757017 -0.00981349 -0.99926323]],740.0,520.0
53.0,,,
,[[-0.0721827   0.00965191 -0.996875  ]],842.0,566.0
,[[-0.04288774 -0.00780029 -0.99732903]],776.0,527.0
,[[-0.05305314  0.00671378 -0.99564671]],801.0,571.0
,[[-0.06170395  0.00527023 -0.99474403]],822.0,567.0
58.0,,,
,[[-0.04806726  0.00529541 -0.99729217]],788.0,554.0
,[[-0.03828631  0.01274112 -0.99150849]],767.0,577.0
,[[-0.0081239  -0.01815016 -0.99741389]],696.0,499.0
,[[-0.01818629 -0.02947114 -0.996241  ]],719.0,470.0
,[[-0.00940333 -0.02414812 -0.99670225]],697.0,488.0
,[[-0.01358697 -0.02071259 -0.99682137]],707.0,494.0
,[[-0.02450156 -0.00614647 -0.99774415]],733.0,532.0
,[[ 0.00785789 -0.00464531 -0.99783394]],659.0,537.0
,[[-0.03648368 -0.0095554  -0.99501261]],760.0,518.0
,[[-0.0344946  -0.00718387 -0.99682182]],756.0,523.0
,[[-0.03360271 -0.01153699 -0.99733521]],754.0,514.0
,[[-0.03684827 -0.02287341 -0.9950256 ]],763.0,495.0
,[[-0.02799582 -0.0242715  -0.99527551]],743.0,485.0
72.0,,,
73.0,,,
74.0,,,
75.0,,,
76.0,,,
77.0,,,
78.0,,,
79.0,,,
80.0,,,
81.0,,,
82.0,,,
83.0,,,
84.0,,,
85.0,,,
86.0,,,
87.0,,,
88.0,,,
89.0,,,
90.0,,,
91.0,,,
92.0,,,
93.0,,,
94.0,,,
95.0,,,
96.0,,,
97.0,,,
98.0,,,
,[[-0.0071794  -0.0386176  -0.99742338]],691.0,455.0
100.0,,,
101.0,,,
102.0,,,
103.0,,,
104.0,,,
105.0,,,
106.0,,,
107.0,,,
108.0,,,
109.0,,,
110.0,,,
111.0,,,
112.0,,,
113.0,,,
114.0,,,
115.0,,,
116.0,,,
117.0,,,
118.0,,,
119.0,,,
