frame,res,X,Y
,[[ 0.01805131  0.12771961 -0.98858194]],609,343
,[[ 0.04577856  0.05775997 -0.99516193]],546,178
,[[ 0.01916485  0.05844366 -0.996406  ]],606,178
,[[ 0.03970943  0.07106083 -0.99416701]],561,209
,[[ 0.01573946  0.1044033  -0.99403694]],615,283
,[[-0.0051128   0.08769305 -0.99610133]],663,246
,[[ 0.00549566  0.10735352 -0.99211059]],639,294
,[[ 0.02224005  0.09303303 -0.9931093 ]],600,260
,[[-0.00610371  0.08850001 -0.99546516]],666,248
,[[ 0.0042296   0.08929068 -0.99497726]],641,250
,[[ 0.10981348  0.06287309 -0.98910295]],395,188
,[[ 0.12064265  0.05973238 -0.9885343 ]],369,181
,[[ 0.14305448  0.06372335 -0.98278983]],313,190
,[[ 0.15636915  0.03029241 -0.98142077]],281,110
,[[ 0.15043924  0.04191303 -0.98424206]],296,139
,[[ 0.06035129  0.10322894 -0.99019824]],506,283
,[[ 0.03847095  0.08586925 -0.99198941]],558,242
,[[ 0.01155643  0.07048345 -0.99479198]],621,204
,[[ 0.02352882  0.09688563 -0.9908677 ]],594,266
,[[ 0.01890757  0.09000348 -0.99122541]],606,251
,[[ 0.03158577  0.09316229 -0.9873876 ]],577,258
,[[-0.01107533  0.09705031 -0.98945634]],677,266
,[[-0.01226762  0.09367824 -0.99058576]],680,259
,[[-0.00164291  0.09809319 -0.99201437]],655,267
,[[ 0.00531599  0.0837057  -0.991213  ]],638,231
,[[-0.00649341  0.0842724  -0.9903369 ]],666,237
,[[-0.01526135  0.09334917 -0.9890282 ]],685,259
,[[-0.01124523  0.09723242 -0.99112741]],676,266
,[[-0.0053947   0.09871209 -0.99330889]],662,268
,[[ 0.00650704  0.07981964 -0.99239745]],633,228
,[[-0.01384442  0.08920688 -0.99439435]],681,248
,[[-0.02051886  0.0741227  -0.99484241]],695,213
,[[-0.03987175  0.03926302 -0.99588641]],740,133
,[[-0.0313677   0.06833994 -0.99414063]],721,199
,[[ 0.00829394  0.09319066 -0.99249511]],631,258
,[[ 0.02418168  0.0856617  -0.99203359]],594,242
,[[ 0.01228585  0.11361858 -0.9889449 ]],622,308
,[[-0.01659876  0.1179058  -0.99008355]],690,316
,[[ 0.00738134  0.12891325 -0.98908002]],635,344
,[[-0.00800396  0.13298966 -0.98878082]],671,355
,[[ 0.04603998  0.1321462  -0.98832624]],545,347
,[[ 0.05232391  0.11265018 -0.9875737 ]],530,303
,[[ 0.04337055  0.1319133  -0.98708292]],552,347
,[[ 0.0210404   0.14837711 -0.98541024]],603,385
,[[-0.01431879  0.15532183 -0.98318868]],686,403
,[[ 3.15531959e-04  1.65120406e-01 -9.82288472e-01]],652,427
,[[-1.64124794e-04  1.39806265e-01 -9.87401286e-01]],653,363
,[[-0.02022565  0.15043232 -0.98447765]],698,390
