frame,res,X,Y
,[[ 0.03806093  0.15318127 -0.98387194]],566,383
,[[ 0.00517763  0.10453495 -0.99315758]],644,260
,[[ 0.00822851  0.11925298 -0.99152557]],637,294
,[[ 0.01094325  0.11630918 -0.99204987]],631,287
,[[ 0.00164341  0.15170458 -0.98488607]],653,374
,[[ 0.02844418  0.14526729 -0.98584954]],590,361
,[[ 0.03303167  0.14459729 -0.98388514]],579,358
,[[ 0.05452084  0.13808297 -0.9810928 ]],526,343
,[[ 0.0433957   0.15162583 -0.9803454 ]],553,375
,[[ 0.04160767  0.15719166 -0.98012148]],558,388
,[[ 0.00589957  0.15214544 -0.98374929]],643,377
,[[ 0.00190197  0.17539251 -0.97831391]],653,433
,[[ 0.01711061  0.10777208 -0.99184145]],617,267
,[[ 0.01833673  0.13882072 -0.98740908]],614,342
,[[ 0.04416143  0.12920326 -0.98560547]],552,320
,[[ 0.04384556  0.11494268 -0.98619029]],552,285
,[[ 0.02734236  0.11531368 -0.9879709 ]],592,284
,[[ 0.02649925  0.12135095 -0.98690336]],593,298
,[[-0.00766673  0.14101114 -0.98690666]],675,346
,[[ 0.00526471  0.14751399 -0.98525194]],644,361
,[[ 0.04741497  0.12959738 -0.98837738]],543,315
,[[ 0.0398278   0.15077639 -0.98585244]],560,370
,[[ 0.04149753  0.15110124 -0.98622443]],556,371
,[[ 0.07491642  0.12554389 -0.98800114]],477,305
,[[ 0.05960378  0.12077349 -0.98877552]],512,295
,[[ 0.07872105  0.14094563 -0.98559578]],464,347
,[[ 0.02460776  0.12055653 -0.99199698]],597,297
,[[ 0.01878807  0.12308342 -0.99159864]],611,301
,[[-0.014526    0.09817422 -0.99361523]],690,243
,[[-0.00601507  0.10409016 -0.99390747]],670,258
,[[-0.012037    0.12952761 -0.99012472]],684,319
,[[ 0.03300462  0.14538868 -0.98762815]],577,353
,[[ 0.01305363  0.16400274 -0.98539467]],624,405
,[[ 0.00598892  0.14943151 -0.98528059]],642,367
,[[ 0.01899212  0.14241406 -0.98826001]],611,348
,[[ 0.03170677  0.13956958 -0.98851732]],580,344
,[[ 0.0112458   0.14665112 -0.98856426]],630,363
,[[ 0.01013731  0.1401748  -0.98957097]],633,342
,[[ 0.02373441  0.13194345 -0.99035579]],601,322
,[[-0.02625791  0.13371228 -0.99040897]],721,329
,[[ 0.00416243  0.13958393 -0.98959268]],649,340
,[[ 0.02526062  0.13564405 -0.9898458 ]],598,329
,[[ 0.01581715  0.14200655 -0.98899045]],621,349
,[[ 0.02755235  0.13729272 -0.98901851]],592,341
,[[ 0.01047633  0.1308634  -0.99120969]],634,322
,[[-0.00116097  0.14348763 -0.98848796]],662,351
,[[ 0.00275537  0.13738577 -0.98990028]],652,338
,[[ 0.00106238  0.13548439 -0.9900986 ]],656,334
