frame,res,X,Y
1,[[-0.18410206 -0.02757776]],578,361
2,[[-0.23383978 -0.01820937]],579,470
3,[[-0.22991435 -0.01971196]],577,461
4,[[-0.17989996  0.00612222]],647,361
5,[[-0.15554047 -0.04034857]],553,292
6,[[-0.23490503 -0.13314046]],333,448
7,[[-0.23984249 -0.08233435]],442,462
8,[[-0.23340222 -0.1477157 ]],303,442
9,[[-0.23161931 -0.16878839]],261,430
10,[[-0.2678272  -0.12139626]],351,531
11,[[-0.32052714 -0.18960626]],181,634
12,[[-0.28796762 -0.18280044]],211,566
13,[[-0.31074345 -0.13719115]],300,621
14,[[-0.2847195  -0.24160711]],77,542
15,[[-0.26684946 -0.20405236]],169,511
16,[[-0.25964844 -0.10854238]],379,506
17,[[-0.24689823 -0.10446239]],388,482
18,[[-0.21926026 -0.08493519]],441,425
19,[[-0.2519457  -0.08966468]],419,497
20,[[-0.19980013 -0.10913679]],391,371
21,[[-0.27343062 -0.06572276]],466,549
22,[[-0.25113928 -0.07806852]],445,497
23,[[-0.22522676 -0.0463331 ]],521,448
24,[[-0.269664   -0.05784066]],479,540
25,[[-0.23181304 -0.08832942]],431,454
26,[[-0.18072496 -0.08602558]],447,335
27,[[-0.23753148 -0.07842112]],448,464
28,[[-0.26456434 -0.14288369]],300,512
29,[[-0.21845941 -0.16316546]],272,405
30,[[-0.19069389 -0.15243973]],307,344
31,[[-0.25207523 -0.19721788]],192,475
32,[[-0.24943602 -0.19541124]],192,463
33,[[-0.2566806 -0.1689581]],252,493
34,[[-0.24276301 -0.09570988]],407,479
35,[[-0.24635571 -0.08910033]],422,481
36,[[-0.21040908 -0.07724445]],458,403
37,[[-0.22268726 -0.07416209]],462,432
38,[[-0.20177656 -0.0648196 ]],486,381
39,[[-0.19733296 -0.09075527]],434,362
40,[[-0.20008913 -0.12407258]],361,366
41,[[-0.1607151  -0.04838119]],535,300
42,[[-0.13147743 -0.06442586]],509,234
43,[[-0.15103765 -0.06653569]],498,274
44,[[-0.22354311 -0.05803086]],503,433
45,[[-0.19674666 -0.19863313]],197,348
46,[[-0.41765672  0.00290705]],586,910
47,[[-0.3633669  -0.23947917]],75,724
48,[[-0.27736673 -0.18187271]],216,530
49,[[-0.19005671 -0.07851554]],465,360
