frame,res,X,Y
1,[[-0.24193949 -0.12870508]],344,461
2,[[-0.24167691 -0.06196541]],488,481
3,[[-0.24187599 -0.0689089 ]],475,475
4,[[-0.25847474 -0.05825636]],489,514
5,[[-0.26838067 -0.0739242 ]],454,537
6,[[-0.26455444 -0.06784704]],470,532
7,[[-0.2567713  -0.07201777]],461,515
8,[[-0.24607845 -0.07306461]],460,489
9,[[-0.22794363  0.0112967 ]],649,465
10,[[-0.24362445  0.01297865]],648,505
11,[[-0.23890322 -0.20317344]],184,446
12,[[-0.18046631 -0.288483  ]],4,288
13,[[-0.24171284 -0.2560401 ]],63,440
14,[[-0.2068001  -0.24275792]],98,364
15,[[-0.1753721  -0.22139686]],155,296
16,[[-0.22062019 -0.13543397]],336,414
17,[[-0.23620823 -0.08949043]],431,460
18,[[-0.22541532 -0.08402313]],442,439
19,[[-0.25506684 -0.07619698]],452,508
20,[[-0.21667427 -0.06371438]],486,429
21,[[-0.20673837  0.01713652]],669,414
22,[[-0.19774893 -0.00895656]],616,388
23,[[-0.22293213 -0.00937311]],609,452
24,[[-0.24777208 -0.01033782]],599,503
25,[[-0.2162049  -0.02116921]],583,430
26,[[-0.21689186  0.0055037 ]],641,437
27,[[-0.2224204   0.01020287]],646,451
28,[[-0.2086843  0.0180273]],669,423
29,[[-0.21097651 -0.00119943]],629,419
30,[[-0.24106091 -0.01337274]],594,487
31,[[-0.25157443  0.01225634]],645,521
32,[[-0.24944904  0.03177014]],687,513
33,[[-0.23640715 -0.00152259]],618,478
34,[[-0.22148463  0.01954089]],665,446
35,[[-0.24278389 -0.0325399 ]],551,485
36,[[-0.24252352 -0.02118017]],578,483
37,[[-0.26982573 -0.10151369]],400,525
38,[[-0.267659   -0.10059986]],403,523
39,[[-0.2926985  -0.08149382]],436,580
40,[[-0.28923216 -0.01575166]],575,591
41,[[-0.28168505 -0.01769307]],568,572
42,[[-0.25435135 -0.02260146]],568,516
43,[[-0.26680064  0.0016062 ]],620,548
44,[[-0.26283193 -0.03272983]],546,533
45,[[-0.23651783 -0.09059441]],427,463
46,[[-0.24535021 -0.06773594]],473,484
47,[[-0.23854606 -0.0743936 ]],461,469
48,[[-0.25627023 -0.07314275]],459,513
