frame,res,X,Y
1,[[-0.8958844 -0.5068288]],-315,2360
2.0,,,
3.0,,,
4,[[-0.8923445  -0.42119414]],-143,2270
5,[[-0.857502  -0.3447972]],11,2079
6,[[-0.8272166  -0.29757708]],71,1979
7,[[-0.7869394  -0.24068661]],173,1848
8,[[-0.7984879  -0.22694647]],206,1844
9.0,,,
10.0,,,
11,[[-0.7625795  -0.17829926]],296,1731
12,[[-0.7354189  -0.23076047]],189,1687
13.0,,,
14.0,,,
15.0,,,
16.0,,,
17.0,,,
18.0,,,
19.0,,,
20,[[-0.7509257  -0.11098027]],420,1694
21,[[-0.73632514 -0.0536411 ]],513,1628
22,[[-0.7284172  -0.04365911]],549,1617
23,[[-0.7494911 -0.0542032]],524,1676
24,[[-0.75813556 -0.03952898]],549,1682
25,[[-0.7703401  -0.00431232]],606,1716
26,[[-0.7750332  -0.07439189]],490,1753
27,[[-0.7564267  -0.09250756]],455,1705
28,[[-0.73099715 -0.1306389 ]],383,1634
29,[[-0.72638965 -0.10416213]],432,1624
30,[[-0.7450689  -0.03274909]],550,1661
31,[[-0.7629672  -0.07448067]],486,1715
32.0,,,
33.0,,,
34,[[-0.75541705 -0.05521526]],523,1692
35,[[-0.76901424 -0.04075697]],545,1716
36,[[-0.77503175 -0.07184475]],493,1722
37,[[-0.72980255  0.07646182]],752,1617
38,[[-0.72798145  0.04564902]],691,1606
39,[[-0.7235849   0.02857032]],659,1599
40,[[-0.7697342  -0.02247719]],578,1704
41,[[-0.9054618  -0.06697711]],493,2135
42,[[-1.0933666   0.15104614]],782,2934
43,[[-1.1369301  -0.13515568]],364,3101
44.0,,,
45.0,,,
46.0,,,
47,[[-0.8597063  -0.27451116]],136,2028
48.0,,,
49.0,,,
50.0,,,
51.0,,,
52.0,,,
53.0,,,
54.0,,,
55.0,,,
56.0,,,
57.0,,,
58.0,,,
59.0,,,
60.0,,,
61.0,,,
62.0,,,
63.0,,,
64.0,,,
65.0,,,
66.0,,,
67.0,,,
68.0,,,
69.0,,,
70.0,,,
71.0,,,
72.0,,,
73.0,,,
74.0,,,
75.0,,,
76.0,,,
77.0,,,
78.0,,,
79.0,,,
80.0,,,
81.0,,,
82.0,,,
83.0,,,
84.0,,,
85.0,,,
86.0,,,
87.0,,,
88.0,,,
89.0,,,
90.0,,,
91.0,,,
92.0,,,
93.0,,,
94.0,,,
95.0,,,
96.0,,,
97.0,,,
98.0,,,
99.0,,,
100.0,,,
101.0,,,
102.0,,,
103.0,,,
104.0,,,
105.0,,,
106.0,,,
107.0,,,
108.0,,,
109.0,,,
110.0,,,
111.0,,,
112.0,,,
113.0,,,
114.0,,,
115.0,,,
116.0,,,
117.0,,,
118.0,,,
119.0,,,
