frame,res,X,Y
1,[[-0.28455046 -0.06602502]],461,575
2,[[-0.30774283 -0.01862198]],556,641
3,[[-0.28325576 -0.03051327]],540,587
4,[[-0.23905057 -0.01637133]],581,488
5,[[-0.2106849 -0.0121299]],595,431
6,[[-0.20909989 -0.02009806]],581,417
7,[[-0.22083989 -0.03530657]],540,442
8,[[-0.2931661 -0.0385393]],515,612
9,[[-0.23282094 -0.01720591]],578,479
10,[[-0.24076633 -0.0131519 ]],583,488
11,[[-0.19803864  0.00069593]],626,399
12,[[-0.21078354 -0.01094715]],595,427
13,[[-0.19067247 -0.00951641]],608,382
14,[[-0.15221462 -0.00137433]],635,298
15,[[-0.197662   -0.01593599]],588,399
16,[[-0.16828483 -0.01923992]],592,332
17,[[-0.17179422  0.00198589]],638,345
18,[[-0.14629559 -0.00332727]],632,283
19,[[-0.16674611 -0.03570346]],556,323
20,[[-0.15751244 -0.05296241]],522,296
21,[[-0.1911749 -0.1361677]],331,351
22,[[-0.14536053 -0.09521808]],435,255
23,[[-0.13654613 -0.16185749]],290,219
24,[[-0.12674037 -0.18854144]],221,185
25,[[-0.16813174 -0.21698341]],157,271
26,[[-0.16386013 -0.2218107 ]],147,261
27,[[-0.17617033 -0.0598919 ]],501,330
28,[[-0.16368628 -0.0654667 ]],493,306
29,[[-0.17704177 -0.05676662]],506,337
30,[[-0.19050308 -0.06217638]],492,364
31,[[-0.25793833 -0.05942633]],478,525
32,[[-0.21477585 -0.03997462]],530,429
33,[[-0.2204772 -0.0667761]],475,432
34,[[-0.20431203 -0.04689122]],517,400
35,[[-0.1843514  -0.07547724]],461,348
36,[[-0.20377919 -0.07574118]],459,393
37,[[-0.15311301 -0.06815054]],488,285
38,[[-0.20808837 -0.07984369]],446,401
39,[[-0.19158046 -0.06564372]],482,367
40,[[-0.1715858  -0.01441886]],604,336
41,[[-0.27294138 -0.02756244]],545,564
42,[[-0.24731126 -0.03077005]],548,501
43,[[-0.2383697  -0.02197115]],563,486
44,[[-0.24361977 -0.05380075]],492,489
45,[[-0.2423584  -0.04719111]],511,490
46,[[-0.21055755 -0.01010738]],596,427
47,[[-0.21066606 -0.02577755]],556,427
48,[[-0.22138059 -0.03428706]],543,439
