frame,res,X,Y
1,[[-0.2502614  -0.05582513]],490,505
2,[[-0.247336    0.07990292]],787,539
3,[[-0.2355448   0.00782105]],634,488
4,[[-0.21766281  0.00601136]],633,446
5,[[-0.21492839 -0.0412124 ]],532,427
6,[[-0.21635933 -0.03120121]],549,434
7,[[-0.21980427 -0.03139515]],551,446
8,[[-0.20768493 -0.0430643 ]],529,412
9,[[-0.21488126 -0.05881257]],488,426
10,[[-0.2003935  -0.02875871]],563,397
11,[[-0.25341946  0.01188394]],635,531
12,[[-0.27616316  0.03208129]],671,592
13,[[-0.2717535   0.05242047]],715,586
14,[[-0.26498085  0.03381191]],681,565
15,[[-0.2630446   0.01936496]],651,556
16,[[-0.26055497 -0.02556282]],552,540
17,[[-0.26570725 -0.02714922]],547,550
18,[[-0.22551563 -0.0951498 ]],408,442
19,[[-0.25136617 -0.09548286]],402,498
20,[[-0.212896  -0.0986788]],406,409
21,[[-0.23485479 -0.09531989]],410,455
22,[[-0.2329585  -0.07331585]],454,466
23,[[-0.2549027  -0.04332983]],516,520
24,[[-0.25201294 -0.00324292]],606,519
25,[[-0.2571584  -0.02079817]],563,536
26,[[-0.26027283 -0.00796979]],592,536
27,[[-0.263109   -0.02306383]],556,543
28,[[-0.26857987 -0.02022121]],562,560
29,[[-0.2658941  -0.00545762]],600,551
30,[[-0.31671515 -0.02246028]],543,665
31,[[-0.46803418  0.10737929]],774,1079
32,[[-0.3547143  -0.05559446]],469,748
33,[[-0.28519475 -0.02600445]],547,589
34,[[-0.16295095 -0.01741881]],599,317
35,[[-0.21409422  0.00552521]],635,439
36,[[-0.16171128  0.01523742]],671,321
37,[[-0.14333887  0.0424511 ]],732,291
38,[[-0.1197638   0.12977734]],938,270
39,[[-0.1177736   0.10553703]],881,258
40,[[-0.07545754  0.10815001]],902,160
41,[[-0.15122785 -0.01110646]],616,292
42,[[-0.14012691 -0.06830534]],493,249
43,[[-0.1549279  -0.09086156]],441,277
44,[[-0.1095991 -0.0969812]],440,173
45,[[-0.09956848 -0.09542897]],444,155
46,[[-0.11740862 -0.07558998]],484,200
47,[[-0.15799733 -0.03336142]],563,301
48,[[-0.17887333 -0.03626143]],555,345
49,[[-0.19691348 -0.00927338]],605,391
