frame,res,X,Y
1,[[-0.80167854 -0.03716786]],567,1807
2,[[-0.80823267 -0.01712235]],604,1824
3,[[-0.79755783 -0.01672107]],607,1796
4,[[-0.80121815 -0.04490961]],560,1821
5,[[-0.79999506 -0.00990329]],607,1805
6,[[-0.78979015  0.03995437]],690,1755
7,[[-0.7853843 -0.0768948]],500,1764
8,[[-0.7800172  0.0114919]],643,1743
9.0,,,
10.0,,,
11.0,,,
12.0,,,
13,[[-0.78472155 -0.0330901 ]],568,1763
14.0,,,
15.0,,,
16,[[-0.755716   -0.07064828]],503,1696
17,[[-0.7941231   0.02527405]],663,1769
18.0,,,
19,[[-0.7588318  -0.03568207]],560,1685
20,[[-0.78711337 -0.04402013]],561,1745
21,[[-0.79248244  0.0173956 ]],653,1743
22,[[-0.77172387  0.00288737]],645,1702
23,[[-0.9974845   0.07381247]],723,2495
24.0,,,
25,[[-1.0236921 -0.8402656]],-953,3382
26,[[-0.97125816 -0.76511264]],-802,3002
27,[[-0.9162998  -0.59656584]],-424,2505
28,[[-0.8459363  -0.42093325]],-104,2061
29,[[-0.8093271  -0.31063426]],90,1899
30,[[-0.79925025 -0.30128643]],83,1886
31,[[-0.78971803 -0.17859593]],311,1805
32,[[-0.80892646 -0.15548256]],369,1829
33,[[-0.8080355  -0.22929944]],243,1849
34,[[-0.77104264 -0.11794994]],419,1745
35,[[-0.8084012 -0.1631863]],337,1844
36,[[-0.83006084 -0.0551176 ]],527,1875
37,[[-0.8531827 -0.014179 ]],613,1931
38.0,,,
39,[[-0.77840865  0.00187544]],628,1758
40,[[-0.81630695 -0.07025406]],504,1843
41,[[-0.7890116  -0.00472764]],616,1784
42,[[-0.8161652   0.01069014]],639,1839
43,[[-0.7830863  -0.01531453]],599,1758
44,[[-0.77017045 -0.00170376]],624,1732
45,[[-0.85858285 -0.09596296]],455,1969
46,[[-0.90786576 -0.86457956]],-1114,2935
47.0,,,
48.0,,,
49.0,,,
50,[[-0.88511527 -0.3946784 ]],-45,2205
51,[[-0.84008414 -0.06929972]],505,1940
52.0,,,
53.0,,,
54.0,,,
55.0,,,
56.0,,,
57.0,,,
58.0,,,
59.0,,,
60.0,,,
61.0,,,
62.0,,,
63.0,,,
64.0,,,
65.0,,,
66.0,,,
67.0,,,
68.0,,,
69.0,,,
70.0,,,
71.0,,,
72.0,,,
73.0,,,
74.0,,,
75.0,,,
76.0,,,
77.0,,,
78.0,,,
79.0,,,
80,[[-0.8126893  -0.19872254]],264,1862
81,[[-0.78856826 -0.10431395]],414,1780
82,[[-0.75532293 -0.14737712]],337,1691
83,[[-0.75415385 -0.13552476]],358,1694
84,[[-0.7781265  -0.15910776]],322,1759
85,[[-0.80007756 -0.1360815 ]],359,1817
86.0,,,
87.0,,,
88.0,,,
89.0,,,
90.0,,,
91.0,,,
92.0,,,
93.0,,,
94.0,,,
95.0,,,
96.0,,,
97.0,,,
98.0,,,
99.0,,,
100.0,,,
101.0,,,
102.0,,,
103.0,,,
104.0,,,
105.0,,,
106.0,,,
107.0,,,
108.0,,,
109.0,,,
110.0,,,
111.0,,,
112.0,,,
113.0,,,
114.0,,,
115.0,,,
116.0,,,
117.0,,,
118.0,,,
119.0,,,
