frame,res,X,Y
1,[[-0.24250522 -0.03041742]],550,493
2,[[-0.26523054 -0.0269191 ]],549,548
3,[[-0.25670558 -0.04592979]],516,526
4,[[-0.26268247 -0.03651708]],535,537
5,[[-0.2336941  -0.05144669]],508,464
6,[[-0.23352623 -0.03565287]],543,475
7,[[-0.23402601 -0.05277033]],508,470
8,[[-0.22737837 -0.04684419]],519,454
9,[[-0.24654678 -0.05344366]],502,500
10,[[-0.25313592 -0.05105343]],505,517
11,[[-0.25984412  0.002162  ]],619,546
12,[[-0.2908695   0.02341427]],657,615
13,[[-0.27122203  0.00635792]],624,569
14,[[-0.22379807 -0.02112046]],579,453
15,[[-0.21240954 -0.02102699]],585,431
16,[[-0.21967219 -0.03540351]],544,440
17,[[-0.23079276 -0.03918688]],538,466
18,[[-0.23233226 -0.0482882 ]],512,468
19,[[-0.22812292 -0.0412912 ]],532,460
20,[[-0.21301009 -0.05321935]],507,420
21,[[-0.25853947 -0.03893596]],527,529
22,[[-0.24225247 -0.05478953]],506,489
23,[[-0.22654057 -0.0439292 ]],529,453
24,[[-0.25333023 -0.03676441]],533,519
25,[[-0.2589215  -0.04638904]],511,535
26,[[-0.24605815  0.02305345]],668,521
27,[[-0.2657414  0.0127799]],642,555
28,[[-0.25291544 -0.00355447]],607,527
29,[[-0.259945   -0.02385611]],569,540
30,[[-0.21656683 -0.03294988]],553,435
31,[[-0.49672586 -0.13795643]],231,1106
32,[[-0.5872787   0.01748391]],551,1410
33,[[-0.5033948  -0.09348838]],351,1117
34,[[-0.37852275 -0.14954902]],264,784
35,[[-0.36477962 -0.12590842]],317,749
36,[[-0.35161197 -0.08037601]],410,730
37,[[-0.3454677  -0.05552267]],468,716
38,[[-0.30669805 -0.142506  ]],290,609
39,[[-0.31727886 -0.12425597]],328,635
40,[[-0.30387557 -0.14241774]],289,604
41,[[-0.31331855 -0.09184444]],401,639
42,[[-0.30088595 -0.09309185]],402,610
43,[[-0.26991206 -0.13130656]],323,527
44,[[-0.2414624  -0.11333904]],371,471
45,[[-0.266321  -0.1084311]],384,522
46,[[-0.23383747 -0.0710322 ]],462,461
47,[[-0.2596703  -0.07560492]],452,522
48,[[-0.255416   -0.09288518]],408,507
49,[[-0.2630204  -0.07675981]],447,528
